text@sel1984m	@sel1984m	3.17	5.67	это / эт... / я / я очень рад что так было
text@sel1984m	@sel1984m	9.36	12.12	ааа / / ммм / правду говорить?
text@sel1984m	@sel1984m	14.04	16.487	эээ // Алексей / э
text@sel1984m	@sel1984m	17.763	21.08	м / я очень рад во-первых что я рос в девяностые в Сибири 
text@sel1984m	@sel1984m	22.62	29.636	эээ / это невероятно было в плане закалки / это было очень круто в плане понимания как можно
text@sel1984m	@sel1984m	30.382	37.846	жить тогда без денег в обычной семье когда восемь месяцев зимы когда все детство или все свободное время либо на улице
text@sel1984m	@sel1984m	38.248	40.541	эээ / либо по подъездам
text@sel1984m	@sel1984m	42.14	49.536	фуф / когда возвращаясь домой со школы там не знаю куча молодежи сидит на корточках / эээ / возле входной
text@sel1984m	@sel1984m	50.168	54.582	двери / да / и / там / я не знаю / под героином или еще под чем-то
text@sel1984m	@sel1984m	55.14	58.46	ну правда / я видел в... / я видел на сам...
text@sel1984m	@sel1984m	60.64	68.829	да / это самое / эт... / это самое жесткое самое жесткое воспоминание у меня почему-то ну / каждый же из нас да что-то ты там вспоминаешь какую-то жесть из детства // я помню когда
text@sel1984m	@sel1984m	69.902	73.454	ты собираешься / там / на местную там / дискотеку если так можно сказать
text@sel1984m	@sel1984m	73.979	78.637	эээ / и люди собираются в подъезде ну / перед дискотекой же как-то надо там / да / там / не знаю / там 
text@sel1984m	@sel1984m	79.711	84.32	изменить свое настроение и я никогда не забуду / действительно вот это вот когда
text@sel1984m	@sel1984m	85.198	85.466	ну
text@sel1984m	@sel1984m	86.342	88.564	растворяется героин там / в воде
text@sel1984m	@sel1984m	88.907	92.08	когда эта ложка поджигается когда / человек там
text@sel1984m	@sel1984m	93.281	93.8	я не знаю
text@sel1984m	@sel1984m	96.305	99.206	погружает все это в себя вот эта бурая кровь ну это ужасно
text@sel1984m	@sel1984m	99.404	103.54	это правда ужасно а когда ты по сути еще ребенок тебе там двенадцать четырнадцать лет
text@sel1984m	@sel1984m	104.002	104.718	ну
text@sel1984m	@sel1984m	105.996	108.354	и по большому счету ты другого не видишь / спорта нет
text@sel1984m	@sel1984m	109.119	110.798	какой-то там супер культуры нет
text@sel1984m	@sel1984m	111.31	114.372	Сибирь / ты понимаешь что ты где-то далеко от цивилизации
text@sel1984m	@sel1984m	118.585	121.203	ввв... / мне повезло в двенадцать лет эээ
text@sel1984m	@sel1984m	121.755	126.446	пь / меня пригласили на просмотр и я уехал и наверное вот именно в этот момент
text@sel1984m	@sel1984m	127.316	129.365	я / на местном уровне выделялся
text@sel1984m	@sel1984m	129.573	130.055	то есть я был там
text@sel1984m	@sel1984m	130.302	132.685	да / я играл на местном уровне конечно я там был там
text@sel1984m	@sel1984m	132.999	149.469	не знаю там / забивал много / обо мне в регионе уже говорили что там вот там есть парень который лучший бомбардир на этом турнире лучший бомбардир на этом турнире там Федор Черенков приезжаю в Нефтеюганск там / выделял меня и там давал какие-то призы // наверное это все в совокупности дало мне возможность / чтобы я уехал и попробовал себя в интернате и там остался
text@sel1984m	@sel1984m	149.637	152.337	многие не уехали и многих сейчас нет // эээ
text@sel1984m	@sel1984m	152.988	154.588	поэтому / ты спросил про детство
text@sel1984m	@sel1984m	154.992	155.804	оно было таким
text@sel1984m	@sel1984m	159.191	159.891	да у нас
text@sel1984m	@sel1984m	162.491	173.991	ааа / нет у нас окна были ээ / в ум... / в младших блоках не было розеток потому что ну / знаешь как бы не дай бог что-нибудь там воткнешь забудешь там обогреватель какой-нибудь сгорит // да у нас там не было // ну / и вообще конечно
text@sel1984m	@sel1984m	174.428	183.253	эээ / вот я сейчас когда приезжаю в Краснодар / к Галицкому когда там просто коттеджи / в которых / мне кажется многие мечтали бы жить в принципе / не то что дети да
text@sel1984m	@sel1984m	183.35	184.837	и я вспоминаю наш интернат
text@sel1984m	@sel1984m	185.033	190.033	где // в туалете даже не было дверей ты просто как бы / ну это просто / ну это как армия
text@sel1984m	@sel1984m	190.473	193.598	это реально как армия / и когда ты приезжаешь в двенадцать лет в интернат
text@sel1984m	@sel1984m	194.386	195.048	эээ
text@sel1984m	@sel1984m	195.198	209.278	ммм / дд / м / это / это / это большое было испытание и мы заклеивали окна / а если кто помнит / раньше ватой так эээ / подкладывали чтобы не дуло иии /  газеткой эээ / вырезали вот так вот заклеивали / то есть ну / это в принципе было нормальное явление тех времен ничего такого сверхъестественного не было
text@sel1984m	@sel1984m	209.29	212.35	просто когда тебе двенадцать лет ты сразу попадаешь во взрослую жизнь
text@sel1984m	@sel1984m	212.535	214.675	вдалеке д... эээ / вдали от дома
text@sel1984m	@sel1984m	214.745	219.465	три тысячи километров эээ // было от моего дома и я родителей видел иногда раз в год
text@sel1984m	@sel1984m	219.835	222.095	то есть по сути в двенадцать лет у меня началась взрослая жизнь
text@sel1984m	@sel1984m	224.744	225.099	да
text@sel1984m	@sel1984m	229.975	230.358	да
text@sel1984m	@sel1984m	231.612	233.252	тренирую детей / чуть-чуть
text@sel1984m	@sel1984m	235.87	237.45	очень сложно / во-первых эээ
text@sel1984m	@sel1984m	237.73	243.21	дети были непростые / то ес... // они были из неблагополучных семе...
text@sel1984m	@sel1984m	244.845	255.445	а / ну / во-первых времена конечно поменялись / эээ но безусловно причем я никогда не забуду парня которого я тренировал ему было десять лет / у него папа сидел в тюрьме / уже на тот момент мама
text@sel1984m	@sel1984m	255.903	261.123	ну / что-то мама н... / короче с мамой тоже какие-то были / серьезные проблемы / его бабушка водила на    
text@sel1984m	@sel1984m	261.474	262.174	тренировки
text@sel1984m	@sel1984m	262.494	269.894	он на турнирах / просто выделялся / вот / это надо видеть / ну / наверное / футбольный человек меня поймет когда ребенок среди сверстников ну / просто Месси
text@sel1984m	@sel1984m	270.769	271.809	естественно
text@sel1984m	@sel1984m	271.995	282.155	прошло там пару лет / я приезжаю а где парень / ну / парень просто там / его нигде он перестал ходить / там / что-то бабушка перестала водить и // в такие моменты я понимаю / как жаль что
text@sel1984m	@sel1984m	282.476	286.956	м... / эээ / многие футбольные руководители не задумываются о том что там / где-то на Урале / там
text@sel1984m	@sel1984m	287.086	289.806	в Сибири много талантливых ребят / просто им нужно
text@sel1984m	@sel1984m	290.525	295.605	правильно выстроить систему чтобы были хоть какие-то профессиональные команды / чтоб был какой-то лифт / потому что 
text@sel1984m	@sel1984m	296.103	301.023	для таких парней из неблагополучных / семей социальный лифт футбольный именно / он работает 
text@sel1984m	@sel1984m	301.572	302.632	также я вылез
text@sel1984m	@sel1984m	302.737	304.397	я из обычной семьи / но я смог
text@sel1984m	@sel1984m	304.752	312.172	пройдя там // много ступеней я смог вырваться наверх з... / зарабатывать нормальные деньги // и моя мама пенсионерка постоянно мне говорит Женя если бы не ты 
text@sel1984m	@sel1984m	312.594	318.214	то мы наверное бы даже не выходили из дома / потому что на все нужны деньги / на лекарства / на еду / на все на все на все    
text@sel1984m	@sel1984m	318.494	319.314	и вот футбол
text@sel1984m	@sel1984m	319.694	321.414	почему я это люблю показывать / и 
text@sel1984m	@sel1984m	321.644	326.524	эээ / откуда ребята обычно вырастают да / до больших команд / футбол это действительно работающий социальный лифт
text@pav1960m	@pav1960m	0.229	6.983	давай еще о тебе поговорим ты рос в девяностые в Тобольске в простой рабочей / рабочей семье // жесткие были
text@pav1960m	@pav1960m	7.442	8.786	жесткий был / опыт
text@pav1960m	@pav1960m	9.274	10.666	роста в Тобольске?
text@pav1960m	@pav1960m	13.098	13.622	по возможности
text@pav1960m	@pav1960m	55.203	61.285	ты рассказывал да что ты // видел когда люди достают героиновый чек растворяют в ложке и начинают при тебе колоться   
text@pav1960m	@pav1960m	115.937	118.53	как ты оказался в футбольном э / интернате в Волгограде?
text@pav1960m	@pav1960m	125.533	126.398	благодаря чему?
text@pav1960m	@pav1960m	129.851	130.569	то есть ты играл уже?
text@pav1960m	@pav1960m	156.073	158.875	в интернате ты рассказывал что не было э / розеток
text@pav1960m	@pav1960m	159.432	162.469	и вы закрывали чем-то окна которых как я понял тоже не было
text@pav1960m	@pav1960m	170.081	171.254	а специально не было?
text@pav1960m	@pav1960m	222.784	225.278	в восемнадцать лет ты получаешь травму / иии
text@pav1960m	@pav1960m	225.343	226.343	у... э... / это
text@pav1960m	@pav1960m	227.137	229.655	новый челлендж / ты попадаешь обратно в Тобольск
text@pav1960m	@pav1960m	230.03	230.981	ничего не делаешь
text@pav1960m	@pav1960m	233.591	234.863	ты говорил что это не твое совсем
text@pav1960m	@pav1960m	240.629	243.92	такие же как / такие же как эээ / в твоем детстве?
text@pav1960m	@pav1960m	244.993	246.425	твое / твоя тусовка
words@sel1984m	@sel1984m	3.17	3.447	это
words@sel1984m	@sel1984m	3.447	3.842	эт
words@sel1984m	@sel1984m	3.842	4.079	я
words@sel1984m	@sel1984m	4.079	4.316	я
words@sel1984m	@sel1984m	4.316	4.555	очень
words@sel1984m	@sel1984m	4.555	4.942	рад
words@sel1984m	@sel1984m	4.942	5.184	что
words@sel1984m	@sel1984m	5.184	5.426	так
words@sel1984m	@sel1984m	5.426	5.67	было
words@sel1984m	@sel1984m	9.36	10.71	ааа
words@sel1984m	@sel1984m	10.71	11.355	ммм
words@sel1984m	@sel1984m	11.355	11.737	правду
words@sel1984m	@sel1984m	11.737	12.12	говорить
words@sel1984m	@sel1984m	14.04	15.38	эээ
words@sel1984m	@sel1984m	15.38	15.933	Алексей
words@sel1984m	@sel1984m	15.933	16.487	э
words@sel1984m	@sel1984m	17.763	18.039	м
words@sel1984m	@sel1984m	18.039	18.214	я
words@sel1984m	@sel1984m	18.214	18.5	очень
words@sel1984m	@sel1984m	18.5	18.786	рад
words@sel1984m	@sel1984m	18.786	19.072	во-первых
words@sel1984m	@sel1984m	19.072	19.358	что
words@sel1984m	@sel1984m	19.358	19.471	я
words@sel1984m	@sel1984m	19.471	19.792	рос
words@sel1984m	@sel1984m	19.792	20.113	в
words@sel1984m	@sel1984m	20.113	20.434	девяностые
words@sel1984m	@sel1984m	20.434	20.755	в
words@sel1984m	@sel1984m	20.755	21.08	Сибири
words@sel1984m	@sel1984m	22.62	23.429	эээ
words@sel1984m	@sel1984m	23.429	23.816	это
words@sel1984m	@sel1984m	23.816	24.52	невероятно
words@sel1984m	@sel1984m	24.52	24.885	было
words@sel1984m	@sel1984m	24.885	25.165	в
words@sel1984m	@sel1984m	25.165	25.537	плане
words@sel1984m	@sel1984m	25.537	26.322	закалки
words@sel1984m	@sel1984m	26.322	26.636	это
words@sel1984m	@sel1984m	26.636	26.95	было
words@sel1984m	@sel1984m	26.95	27.397	очень
words@sel1984m	@sel1984m	27.397	27.77	круто
words@sel1984m	@sel1984m	27.77	28.143	в
words@sel1984m	@sel1984m	28.143	28.516	плане
words@sel1984m	@sel1984m	28.516	28.889	понимания
words@sel1984m	@sel1984m	28.889	29.262	как
words@sel1984m	@sel1984m	29.262	29.636	можно
words@sel1984m	@sel1984m	30.382	30.737	жить
words@sel1984m	@sel1984m	30.737	31.206	тогда
words@sel1984m	@sel1984m	31.206	31.421	без
words@sel1984m	@sel1984m	31.421	31.777	денег
words@sel1984m	@sel1984m	31.777	31.909	в
words@sel1984m	@sel1984m	31.909	32.28	обычной
words@sel1984m	@sel1984m	32.28	32.826	семье
words@sel1984m	@sel1984m	32.826	33.586	когда
words@sel1984m	@sel1984m	33.586	33.913	восемь
words@sel1984m	@sel1984m	33.913	34.24	месяцев
words@sel1984m	@sel1984m	34.24	34.71	зимы
words@sel1984m	@sel1984m	34.71	35.023	когда
words@sel1984m	@sel1984m	35.023	35.336	все
words@sel1984m	@sel1984m	35.336	35.649	детство
words@sel1984m	@sel1984m	35.649	35.962	или
words@sel1984m	@sel1984m	35.962	36.275	все
words@sel1984m	@sel1984m	36.275	36.588	свободное
words@sel1984m	@sel1984m	36.588	36.901	время
words@sel1984m	@sel1984m	36.901	37.214	либо
words@sel1984m	@sel1984m	37.214	37.404	на
words@sel1984m	@sel1984m	37.404	37.846	улице
words@sel1984m	@sel1984m	38.248	39.206	эээ
words@sel1984m	@sel1984m	39.206	39.545	либо
words@sel1984m	@sel1984m	39.545	39.669	по
words@sel1984m	@sel1984m	39.669	40.541	подъездам
words@sel1984m	@sel1984m	42.14	42.851	фуф
words@sel1984m	@sel1984m	42.851	43.2	когда
words@sel1984m	@sel1984m	43.2	43.549	возвращаясь
words@sel1984m	@sel1984m	43.549	43.898	домой
words@sel1984m	@sel1984m	43.898	44.247	со
words@sel1984m	@sel1984m	44.247	44.936	школы
words@sel1984m	@sel1984m	44.936	45.099	там
words@sel1984m	@sel1984m	45.099	45.247	не
words@sel1984m	@sel1984m	45.247	45.52	знаю
words@sel1984m	@sel1984m	45.52	45.785	куча
words@sel1984m	@sel1984m	45.785	46.32	молодежи
words@sel1984m	@sel1984m	46.32	46.855	сидит
words@sel1984m	@sel1984m	46.855	47.049	на
words@sel1984m	@sel1984m	47.049	47.67	корточках
words@sel1984m	@sel1984m	47.67	48.291	эээ
words@sel1984m	@sel1984m	48.291	48.912	возле
words@sel1984m	@sel1984m	48.912	49.536	входной
words@sel1984m	@sel1984m	50.168	50.507	двери
words@sel1984m	@sel1984m	50.507	50.846	да
words@sel1984m	@sel1984m	50.846	51.185	и
words@sel1984m	@sel1984m	51.185	51.524	там
words@sel1984m	@sel1984m	51.524	51.863	я
words@sel1984m	@sel1984m	51.863	52.202	не
words@sel1984m	@sel1984m	52.202	52.541	знаю
words@sel1984m	@sel1984m	52.541	52.88	под
words@sel1984m	@sel1984m	52.88	53.219	героином
words@sel1984m	@sel1984m	53.219	53.558	или
words@sel1984m	@sel1984m	53.558	53.897	еще
words@sel1984m	@sel1984m	53.897	54.236	под
words@sel1984m	@sel1984m	54.236	54.582	чем-то
words@sel1984m	@sel1984m	55.14	55.508	ну
words@sel1984m	@sel1984m	55.508	56.347	правда
words@sel1984m	@sel1984m	56.347	56.479	я
words@sel1984m	@sel1984m	56.479	56.949	видел
words@sel1984m	@sel1984m	56.949	57.099	в
words@sel1984m	@sel1984m	57.099	57.231	я
words@sel1984m	@sel1984m	57.231	57.64	видел
words@sel1984m	@sel1984m	57.64	57.793	на
words@sel1984m	@sel1984m	57.793	58.46	сам
words@sel1984m	@sel1984m	60.64	60.912	да
words@sel1984m	@sel1984m	60.912	61.184	это
words@sel1984m	@sel1984m	61.184	61.388	самое
words@sel1984m	@sel1984m	61.388	61.663	эт
words@sel1984m	@sel1984m	61.663	61.938	это
words@sel1984m	@sel1984m	61.938	62.213	самое
words@sel1984m	@sel1984m	62.213	62.488	жесткое
words@sel1984m	@sel1984m	62.488	62.763	самое
words@sel1984m	@sel1984m	62.763	63.038	жесткое
words@sel1984m	@sel1984m	63.038	63.313	воспоминание
words@sel1984m	@sel1984m	63.313	63.588	у
words@sel1984m	@sel1984m	63.588	63.863	меня
words@sel1984m	@sel1984m	63.863	64.138	почему-то
words@sel1984m	@sel1984m	64.138	64.413	ну
words@sel1984m	@sel1984m	64.413	64.688	каждый
words@sel1984m	@sel1984m	64.688	64.963	же
words@sel1984m	@sel1984m	64.963	65.099	из
words@sel1984m	@sel1984m	65.099	65.385	нас
words@sel1984m	@sel1984m	65.385	65.671	да
words@sel1984m	@sel1984m	65.671	65.957	что-то
words@sel1984m	@sel1984m	65.957	66.243	ты
words@sel1984m	@sel1984m	66.243	66.529	там
words@sel1984m	@sel1984m	66.529	66.815	вспоминаешь
words@sel1984m	@sel1984m	66.815	67.101	какую-то
words@sel1984m	@sel1984m	67.101	67.387	жесть
words@sel1984m	@sel1984m	67.387	67.673	из
words@sel1984m	@sel1984m	67.673	67.959	детства
words@sel1984m	@sel1984m	67.959	68.245	я
words@sel1984m	@sel1984m	68.245	68.531	помню
words@sel1984m	@sel1984m	68.531	68.829	когда
words@sel1984m	@sel1984m	69.902	70.224	ты
words@sel1984m	@sel1984m	70.224	70.546	собираешься
words@sel1984m	@sel1984m	70.546	70.868	там
words@sel1984m	@sel1984m	70.868	71.19	на
words@sel1984m	@sel1984m	71.19	71.512	местную
words@sel1984m	@sel1984m	71.512	71.834	там
words@sel1984m	@sel1984m	71.834	72.156	дискотеку
words@sel1984m	@sel1984m	72.156	72.478	если
words@sel1984m	@sel1984m	72.478	72.8	так
words@sel1984m	@sel1984m	72.8	73.122	можно
words@sel1984m	@sel1984m	73.122	73.454	сказать
words@sel1984m	@sel1984m	73.979	74.237	эээ
words@sel1984m	@sel1984m	74.237	74.495	и
words@sel1984m	@sel1984m	74.495	74.753	люди
words@sel1984m	@sel1984m	74.753	75.011	собираются
words@sel1984m	@sel1984m	75.011	75.269	в
words@sel1984m	@sel1984m	75.269	75.527	подъезде
words@sel1984m	@sel1984m	75.527	75.785	ну
words@sel1984m	@sel1984m	75.785	76.043	перед
words@sel1984m	@sel1984m	76.043	76.301	дискотекой
words@sel1984m	@sel1984m	76.301	76.559	же
words@sel1984m	@sel1984m	76.559	76.817	как-то
words@sel1984m	@sel1984m	76.817	77.075	надо
words@sel1984m	@sel1984m	77.075	77.333	там
words@sel1984m	@sel1984m	77.333	77.591	да
words@sel1984m	@sel1984m	77.591	77.849	там
words@sel1984m	@sel1984m	77.849	78.107	не
words@sel1984m	@sel1984m	78.107	78.365	знаю
words@sel1984m	@sel1984m	78.365	78.637	там
words@sel1984m	@sel1984m	79.711	80.065	изменить
words@sel1984m	@sel1984m	80.065	80.419	свое
words@sel1984m	@sel1984m	80.419	80.773	настроение
words@sel1984m	@sel1984m	80.773	81.127	и
words@sel1984m	@sel1984m	81.127	81.481	я
words@sel1984m	@sel1984m	81.481	81.835	никогда
words@sel1984m	@sel1984m	81.835	82.189	не
words@sel1984m	@sel1984m	82.189	82.543	забуду
words@sel1984m	@sel1984m	82.543	82.897	действительно
words@sel1984m	@sel1984m	82.897	83.251	вот
words@sel1984m	@sel1984m	83.251	83.605	это
words@sel1984m	@sel1984m	83.605	83.959	вот
words@sel1984m	@sel1984m	83.959	84.32	когда
words@sel1984m	@sel1984m	85.198	85.466	ну
words@sel1984m	@sel1984m	86.342	86.786	растворяется
words@sel1984m	@sel1984m	86.786	87.23	героин
words@sel1984m	@sel1984m	87.23	87.674	там
words@sel1984m	@sel1984m	87.674	88.118	в
words@sel1984m	@sel1984m	88.118	88.564	воде
words@sel1984m	@sel1984m	88.907	89.36	когда
words@sel1984m	@sel1984m	89.36	89.813	эта
words@sel1984m	@sel1984m	89.813	90.266	ложка
words@sel1984m	@sel1984m	90.266	90.719	поджигается
words@sel1984m	@sel1984m	90.719	91.172	когда
words@sel1984m	@sel1984m	91.172	91.625	человек
words@sel1984m	@sel1984m	91.625	92.08	там
words@sel1984m	@sel1984m	93.281	93.454	я
words@sel1984m	@sel1984m	93.454	93.627	не
words@sel1984m	@sel1984m	93.627	93.8	знаю
words@sel1984m	@sel1984m	96.305	96.546	погружает
words@sel1984m	@sel1984m	96.546	96.787	все
words@sel1984m	@sel1984m	96.787	97.028	это
words@sel1984m	@sel1984m	97.028	97.269	в
words@sel1984m	@sel1984m	97.269	97.51	себя
words@sel1984m	@sel1984m	97.51	97.751	вот
words@sel1984m	@sel1984m	97.751	97.992	эта
words@sel1984m	@sel1984m	97.992	98.233	бурая
words@sel1984m	@sel1984m	98.233	98.474	кровь
words@sel1984m	@sel1984m	98.474	98.715	ну
words@sel1984m	@sel1984m	98.715	98.956	это
words@sel1984m	@sel1984m	98.956	99.206	ужасно
words@sel1984m	@sel1984m	99.404	99.679	это
words@sel1984m	@sel1984m	99.679	99.954	правда
words@sel1984m	@sel1984m	99.954	100.229	ужасно
words@sel1984m	@sel1984m	100.229	100.504	а
words@sel1984m	@sel1984m	100.504	100.779	когда
words@sel1984m	@sel1984m	100.779	101.054	ты
words@sel1984m	@sel1984m	101.054	101.329	по
words@sel1984m	@sel1984m	101.329	101.604	сути
words@sel1984m	@sel1984m	101.604	101.879	еще
words@sel1984m	@sel1984m	101.879	102.154	ребенок
words@sel1984m	@sel1984m	102.154	102.429	тебе
words@sel1984m	@sel1984m	102.429	102.704	там
words@sel1984m	@sel1984m	102.704	102.979	двенадцать
words@sel1984m	@sel1984m	102.979	103.254	четырнадцать
words@sel1984m	@sel1984m	103.254	103.54	лет
words@sel1984m	@sel1984m	104.002	104.718	ну
words@sel1984m	@sel1984m	105.996	106.231	и
words@sel1984m	@sel1984m	106.231	106.466	по
words@sel1984m	@sel1984m	106.466	106.701	большому
words@sel1984m	@sel1984m	106.701	106.936	счету
words@sel1984m	@sel1984m	106.936	107.171	ты
words@sel1984m	@sel1984m	107.171	107.406	другого
words@sel1984m	@sel1984m	107.406	107.641	не
words@sel1984m	@sel1984m	107.641	107.876	видишь
words@sel1984m	@sel1984m	107.876	108.111	спорта
words@sel1984m	@sel1984m	108.111	108.354	нет
words@sel1984m	@sel1984m	109.119	109.454	какой-то
words@sel1984m	@sel1984m	109.454	109.789	там
words@sel1984m	@sel1984m	109.789	110.124	супер
words@sel1984m	@sel1984m	110.124	110.459	культуры
words@sel1984m	@sel1984m	110.459	110.798	нет
words@sel1984m	@sel1984m	111.31	111.851	Сибирь
words@sel1984m	@sel1984m	111.851	111.99	ты
words@sel1984m	@sel1984m	111.99	112.33	понимаешь
words@sel1984m	@sel1984m	112.33	112.67	что
words@sel1984m	@sel1984m	112.67	113.01	ты
words@sel1984m	@sel1984m	113.01	113.35	где-то
words@sel1984m	@sel1984m	113.35	113.69	далеко
words@sel1984m	@sel1984m	113.69	114.03	от
words@sel1984m	@sel1984m	114.03	114.372	цивилизации
words@sel1984m	@sel1984m	118.585	118.899	ввв
words@sel1984m	@sel1984m	118.899	119.214	мне
words@sel1984m	@sel1984m	119.214	119.504	повезло
words@sel1984m	@sel1984m	119.504	119.644	в
words@sel1984m	@sel1984m	119.644	120.074	двенадцать
words@sel1984m	@sel1984m	120.074	120.371	лет
words@sel1984m	@sel1984m	120.371	121.203	эээ
words@sel1984m	@sel1984m	121.755	121.966	пь
words@sel1984m	@sel1984m	121.966	122.379	меня
words@sel1984m	@sel1984m	122.379	122.691	пригласили
words@sel1984m	@sel1984m	122.691	123.003	на
words@sel1984m	@sel1984m	123.003	123.454	просмотр
words@sel1984m	@sel1984m	123.454	123.636	и
words@sel1984m	@sel1984m	123.636	123.809	я
words@sel1984m	@sel1984m	123.809	124.138	уехал
words@sel1984m	@sel1984m	124.138	124.467	и
words@sel1984m	@sel1984m	124.467	124.796	наверное
words@sel1984m	@sel1984m	124.796	125.125	вот
words@sel1984m	@sel1984m	125.125	125.454	именно
words@sel1984m	@sel1984m	125.454	125.783	в
words@sel1984m	@sel1984m	125.783	126.112	этот
words@sel1984m	@sel1984m	126.112	126.446	момент
words@sel1984m	@sel1984m	127.316	127.725	я
words@sel1984m	@sel1984m	127.725	128.134	на
words@sel1984m	@sel1984m	128.134	128.543	местном
words@sel1984m	@sel1984m	128.543	128.952	уровне
words@sel1984m	@sel1984m	128.952	129.365	выделялся
words@sel1984m	@sel1984m	129.573	129.669	то
words@sel1984m	@sel1984m	129.669	129.765	есть
words@sel1984m	@sel1984m	129.765	129.861	я
words@sel1984m	@sel1984m	129.861	129.957	был
words@sel1984m	@sel1984m	129.957	130.055	там
words@sel1984m	@sel1984m	130.302	130.518	да
words@sel1984m	@sel1984m	130.518	130.734	я
words@sel1984m	@sel1984m	130.734	130.95	играл
words@sel1984m	@sel1984m	130.95	131.166	на
words@sel1984m	@sel1984m	131.166	131.382	местном
words@sel1984m	@sel1984m	131.382	131.598	уровне
words@sel1984m	@sel1984m	131.598	131.814	конечно
words@sel1984m	@sel1984m	131.814	132.03	я
words@sel1984m	@sel1984m	132.03	132.246	там
words@sel1984m	@sel1984m	132.246	132.462	был
words@sel1984m	@sel1984m	132.462	132.685	там
words@sel1984m	@sel1984m	132.999	133.181	не
words@sel1984m	@sel1984m	133.181	133.305	знаю
words@sel1984m	@sel1984m	133.305	133.504	там
words@sel1984m	@sel1984m	133.504	133.779	забивал
words@sel1984m	@sel1984m	133.779	134.338	много
words@sel1984m	@sel1984m	134.338	134.6	обо
words@sel1984m	@sel1984m	134.6	134.862	мне
words@sel1984m	@sel1984m	134.862	135.124	в
words@sel1984m	@sel1984m	135.124	135.386	регионе
words@sel1984m	@sel1984m	135.386	135.648	уже
words@sel1984m	@sel1984m	135.648	135.91	говорили
words@sel1984m	@sel1984m	135.91	136.172	что
words@sel1984m	@sel1984m	136.172	136.355	там
words@sel1984m	@sel1984m	136.355	136.528	вот
words@sel1984m	@sel1984m	136.528	136.727	там
words@sel1984m	@sel1984m	136.727	137.008	есть
words@sel1984m	@sel1984m	137.008	137.247	парень
words@sel1984m	@sel1984m	137.247	137.413	который
words@sel1984m	@sel1984m	137.413	137.743	лучший
words@sel1984m	@sel1984m	137.743	138.022	бомбардир
words@sel1984m	@sel1984m	138.022	138.301	на
words@sel1984m	@sel1984m	138.301	138.58	этом
words@sel1984m	@sel1984m	138.58	138.859	турнире
words@sel1984m	@sel1984m	138.859	139.138	лучший
words@sel1984m	@sel1984m	139.138	139.417	бомбардир
words@sel1984m	@sel1984m	139.417	139.696	на
words@sel1984m	@sel1984m	139.696	139.975	этом
words@sel1984m	@sel1984m	139.975	140.254	турнире
words@sel1984m	@sel1984m	140.254	140.533	там
words@sel1984m	@sel1984m	140.533	140.812	Федор
words@sel1984m	@sel1984m	140.812	141.091	Черенков
words@sel1984m	@sel1984m	141.091	141.37	приезжаю
words@sel1984m	@sel1984m	141.37	141.649	в
words@sel1984m	@sel1984m	141.649	141.928	Нефтеюганск
words@sel1984m	@sel1984m	141.928	142.207	там
words@sel1984m	@sel1984m	142.207	142.486	выделял
words@sel1984m	@sel1984m	142.486	142.765	меня
words@sel1984m	@sel1984m	142.765	143.044	и
words@sel1984m	@sel1984m	143.044	143.323	там
words@sel1984m	@sel1984m	143.323	143.602	давал
words@sel1984m	@sel1984m	143.602	143.881	какие-то
words@sel1984m	@sel1984m	143.881	144.16	призы
words@sel1984m	@sel1984m	144.16	144.439	наверное
words@sel1984m	@sel1984m	144.439	144.718	это
words@sel1984m	@sel1984m	144.718	144.997	все
words@sel1984m	@sel1984m	144.997	145.276	в
words@sel1984m	@sel1984m	145.276	145.555	совокупности
words@sel1984m	@sel1984m	145.555	145.834	дало
words@sel1984m	@sel1984m	145.834	146.113	мне
words@sel1984m	@sel1984m	146.113	146.392	возможность
words@sel1984m	@sel1984m	146.392	146.671	чтобы
words@sel1984m	@sel1984m	146.671	146.95	я
words@sel1984m	@sel1984m	146.95	147.229	уехал
words@sel1984m	@sel1984m	147.229	147.508	и
words@sel1984m	@sel1984m	147.508	147.787	попробовал
words@sel1984m	@sel1984m	147.787	148.066	себя
words@sel1984m	@sel1984m	148.066	148.345	в
words@sel1984m	@sel1984m	148.345	148.624	интернате
words@sel1984m	@sel1984m	148.624	148.903	и
words@sel1984m	@sel1984m	148.903	149.182	там
words@sel1984m	@sel1984m	149.182	149.469	остался
words@sel1984m	@sel1984m	149.637	149.974	многие
words@sel1984m	@sel1984m	149.974	150.311	не
words@sel1984m	@sel1984m	150.311	150.648	уехали
words@sel1984m	@sel1984m	150.648	150.985	и
words@sel1984m	@sel1984m	150.985	151.322	многих
words@sel1984m	@sel1984m	151.322	151.659	сейчас
words@sel1984m	@sel1984m	151.659	151.834	нет
words@sel1984m	@sel1984m	151.834	152.337	эээ
words@sel1984m	@sel1984m	152.988	153.308	поэтому
words@sel1984m	@sel1984m	153.308	153.628	ты
words@sel1984m	@sel1984m	153.628	153.948	спросил
words@sel1984m	@sel1984m	153.948	154.268	про
words@sel1984m	@sel1984m	154.268	154.588	детство
words@sel1984m	@sel1984m	154.992	155.262	оно
words@sel1984m	@sel1984m	155.262	155.532	было
words@sel1984m	@sel1984m	155.532	155.804	таким
words@sel1984m	@sel1984m	159.191	159.424	да
words@sel1984m	@sel1984m	159.424	159.657	у
words@sel1984m	@sel1984m	159.657	159.891	нас
words@sel1984m	@sel1984m	162.491	162.991	ааа
words@sel1984m	@sel1984m	162.991	163.123	нет
words@sel1984m	@sel1984m	163.123	163.31	у
words@sel1984m	@sel1984m	163.31	163.583	нас
words@sel1984m	@sel1984m	163.583	163.856	окна
words@sel1984m	@sel1984m	163.856	164.129	были
words@sel1984m	@sel1984m	164.129	164.402	ээ
words@sel1984m	@sel1984m	164.402	164.675	в
words@sel1984m	@sel1984m	164.675	164.948	ум
words@sel1984m	@sel1984m	164.948	165.221	в
words@sel1984m	@sel1984m	165.221	165.494	младших
words@sel1984m	@sel1984m	165.494	165.767	блоках
words@sel1984m	@sel1984m	165.767	166.04	не
words@sel1984m	@sel1984m	166.04	166.313	было
words@sel1984m	@sel1984m	166.313	166.586	розеток
words@sel1984m	@sel1984m	166.586	166.859	потому
words@sel1984m	@sel1984m	166.859	167.132	что
words@sel1984m	@sel1984m	167.132	167.405	ну
words@sel1984m	@sel1984m	167.405	167.678	знаешь
words@sel1984m	@sel1984m	167.678	167.951	как
words@sel1984m	@sel1984m	167.951	168.224	бы
words@sel1984m	@sel1984m	168.224	168.497	не
words@sel1984m	@sel1984m	168.497	168.77	дай
words@sel1984m	@sel1984m	168.77	169.043	бог
words@sel1984m	@sel1984m	169.043	169.316	что-нибудь
words@sel1984m	@sel1984m	169.316	169.589	там
words@sel1984m	@sel1984m	169.589	169.862	воткнешь
words@sel1984m	@sel1984m	169.862	170.135	забудешь
words@sel1984m	@sel1984m	170.135	170.408	там
words@sel1984m	@sel1984m	170.408	170.681	обогреватель
words@sel1984m	@sel1984m	170.681	170.954	какой-нибудь
words@sel1984m	@sel1984m	170.954	171.227	сгорит
words@sel1984m	@sel1984m	171.227	171.5	да
words@sel1984m	@sel1984m	171.5	171.773	у
words@sel1984m	@sel1984m	171.773	172.046	нас
words@sel1984m	@sel1984m	172.046	172.319	там
words@sel1984m	@sel1984m	172.319	172.592	не
words@sel1984m	@sel1984m	172.592	172.865	было
words@sel1984m	@sel1984m	172.865	173.138	ну
words@sel1984m	@sel1984m	173.138	173.411	и
words@sel1984m	@sel1984m	173.411	173.684	вообще
words@sel1984m	@sel1984m	173.684	173.991	конечно
words@sel1984m	@sel1984m	174.428	174.876	эээ
words@sel1984m	@sel1984m	174.876	175.008	вот
words@sel1984m	@sel1984m	175.008	175.214	я
words@sel1984m	@sel1984m	175.214	175.355	сейчас
words@sel1984m	@sel1984m	175.355	175.528	когда
words@sel1984m	@sel1984m	175.528	175.849	приезжаю
words@sel1984m	@sel1984m	175.849	175.966	в
words@sel1984m	@sel1984m	175.966	176.27	Краснодар
words@sel1984m	@sel1984m	176.27	176.574	к
words@sel1984m	@sel1984m	176.574	176.878	Галицкому
words@sel1984m	@sel1984m	176.878	177.182	когда
words@sel1984m	@sel1984m	177.182	177.486	там
words@sel1984m	@sel1984m	177.486	177.79	просто
words@sel1984m	@sel1984m	177.79	178.094	коттеджи
words@sel1984m	@sel1984m	178.094	178.404	в
words@sel1984m	@sel1984m	178.404	178.945	которых
words@sel1984m	@sel1984m	178.945	179.276	мне
words@sel1984m	@sel1984m	179.276	179.607	кажется
words@sel1984m	@sel1984m	179.607	179.938	многие
words@sel1984m	@sel1984m	179.938	180.269	мечтали
words@sel1984m	@sel1984m	180.269	180.6	бы
words@sel1984m	@sel1984m	180.6	180.931	жить
words@sel1984m	@sel1984m	180.931	181.262	в
words@sel1984m	@sel1984m	181.262	181.593	принципе
words@sel1984m	@sel1984m	181.593	181.924	не
words@sel1984m	@sel1984m	181.924	182.255	то
words@sel1984m	@sel1984m	182.255	182.586	что
words@sel1984m	@sel1984m	182.586	182.752	дети
words@sel1984m	@sel1984m	182.752	183.253	да
words@sel1984m	@sel1984m	183.35	183.52	и
words@sel1984m	@sel1984m	183.52	183.702	я
words@sel1984m	@sel1984m	183.702	184.08	вспоминаю
words@sel1984m	@sel1984m	184.08	184.458	наш
words@sel1984m	@sel1984m	184.458	184.837	интернат
words@sel1984m	@sel1984m	185.033	186.033	где
words@sel1984m	@sel1984m	186.033	186.297	в
words@sel1984m	@sel1984m	186.297	186.619	туалете
words@sel1984m	@sel1984m	186.619	186.846	даже
words@sel1984m	@sel1984m	186.846	187.073	не
words@sel1984m	@sel1984m	187.073	187.3	было
words@sel1984m	@sel1984m	187.3	187.527	дверей
words@sel1984m	@sel1984m	187.527	187.754	ты
words@sel1984m	@sel1984m	187.754	187.981	просто
words@sel1984m	@sel1984m	187.981	188.208	как
words@sel1984m	@sel1984m	188.208	188.435	бы
words@sel1984m	@sel1984m	188.435	188.662	ну
words@sel1984m	@sel1984m	188.662	188.889	это
words@sel1984m	@sel1984m	188.889	189.116	просто
words@sel1984m	@sel1984m	189.116	189.343	ну
words@sel1984m	@sel1984m	189.343	189.57	это
words@sel1984m	@sel1984m	189.57	189.797	как
words@sel1984m	@sel1984m	189.797	190.033	армия
words@sel1984m	@sel1984m	190.473	190.713	это
words@sel1984m	@sel1984m	190.713	190.953	реально
words@sel1984m	@sel1984m	190.953	191.193	как
words@sel1984m	@sel1984m	191.193	191.433	армия
words@sel1984m	@sel1984m	191.433	191.673	и
words@sel1984m	@sel1984m	191.673	191.913	когда
words@sel1984m	@sel1984m	191.913	192.153	ты
words@sel1984m	@sel1984m	192.153	192.393	приезжаешь
words@sel1984m	@sel1984m	192.393	192.633	в
words@sel1984m	@sel1984m	192.633	192.873	двенадцать
words@sel1984m	@sel1984m	192.873	193.113	лет
words@sel1984m	@sel1984m	193.113	193.353	в
words@sel1984m	@sel1984m	193.353	193.598	интернат
words@sel1984m	@sel1984m	194.386	195.048	эээ
words@sel1984m	@sel1984m	195.198	195.485	ммм
words@sel1984m	@sel1984m	195.485	195.772	дд
words@sel1984m	@sel1984m	195.772	196.059	м
words@sel1984m	@sel1984m	196.059	196.346	это
words@sel1984m	@sel1984m	196.346	196.633	это
words@sel1984m	@sel1984m	196.633	196.92	это
words@sel1984m	@sel1984m	196.92	197.207	большое
words@sel1984m	@sel1984m	197.207	197.494	было
words@sel1984m	@sel1984m	197.494	197.781	испытание
words@sel1984m	@sel1984m	197.781	198.068	и
words@sel1984m	@sel1984m	198.068	198.355	мы
words@sel1984m	@sel1984m	198.355	198.642	заклеивали
words@sel1984m	@sel1984m	198.642	198.929	окна
words@sel1984m	@sel1984m	198.929	199.216	а
words@sel1984m	@sel1984m	199.216	199.503	если
words@sel1984m	@sel1984m	199.503	199.79	кто
words@sel1984m	@sel1984m	199.79	200.077	помнит
words@sel1984m	@sel1984m	200.077	200.364	раньше
words@sel1984m	@sel1984m	200.364	200.651	ватой
words@sel1984m	@sel1984m	200.651	200.938	так
words@sel1984m	@sel1984m	200.938	201.225	эээ
words@sel1984m	@sel1984m	201.225	201.512	подкладывали
words@sel1984m	@sel1984m	201.512	201.799	чтобы
words@sel1984m	@sel1984m	201.799	202.086	не
words@sel1984m	@sel1984m	202.086	202.373	дуло
words@sel1984m	@sel1984m	202.373	202.66	иии
words@sel1984m	@sel1984m	202.66	202.947	газеткой
words@sel1984m	@sel1984m	202.947	203.234	эээ
words@sel1984m	@sel1984m	203.234	203.521	вырезали
words@sel1984m	@sel1984m	203.521	203.808	вот
words@sel1984m	@sel1984m	203.808	204.095	так
words@sel1984m	@sel1984m	204.095	204.382	вот
words@sel1984m	@sel1984m	204.382	204.669	заклеивали
words@sel1984m	@sel1984m	204.669	204.956	то
words@sel1984m	@sel1984m	204.956	205.243	есть
words@sel1984m	@sel1984m	205.243	205.53	ну
words@sel1984m	@sel1984m	205.53	205.817	это
words@sel1984m	@sel1984m	205.817	206.104	в
words@sel1984m	@sel1984m	206.104	206.391	принципе
words@sel1984m	@sel1984m	206.391	206.678	было
words@sel1984m	@sel1984m	206.678	206.965	нормальное
words@sel1984m	@sel1984m	206.965	207.252	явление
words@sel1984m	@sel1984m	207.252	207.539	тех
words@sel1984m	@sel1984m	207.539	207.826	времен
words@sel1984m	@sel1984m	207.826	208.113	ничего
words@sel1984m	@sel1984m	208.113	208.4	такого
words@sel1984m	@sel1984m	208.4	208.687	сверхъестественного
words@sel1984m	@sel1984m	208.687	208.974	не
words@sel1984m	@sel1984m	208.974	209.278	было
words@sel1984m	@sel1984m	209.29	209.568	просто
words@sel1984m	@sel1984m	209.568	209.846	когда
words@sel1984m	@sel1984m	209.846	210.124	тебе
words@sel1984m	@sel1984m	210.124	210.402	двенадцать
words@sel1984m	@sel1984m	210.402	210.68	лет
words@sel1984m	@sel1984m	210.68	210.958	ты
words@sel1984m	@sel1984m	210.958	211.236	сразу
words@sel1984m	@sel1984m	211.236	211.514	попадаешь
words@sel1984m	@sel1984m	211.514	211.792	во
words@sel1984m	@sel1984m	211.792	212.07	взрослую
words@sel1984m	@sel1984m	212.07	212.35	жизнь
words@sel1984m	@sel1984m	212.535	212.891	вдалеке
words@sel1984m	@sel1984m	212.891	213.247	д
words@sel1984m	@sel1984m	213.247	213.603	эээ
words@sel1984m	@sel1984m	213.603	213.959	вдали
words@sel1984m	@sel1984m	213.959	214.315	от
words@sel1984m	@sel1984m	214.315	214.675	дома
words@sel1984m	@sel1984m	214.745	215.04	три
words@sel1984m	@sel1984m	215.04	215.335	тысячи
words@sel1984m	@sel1984m	215.335	215.63	километров
words@sel1984m	@sel1984m	215.63	215.925	эээ
words@sel1984m	@sel1984m	215.925	216.22	было
words@sel1984m	@sel1984m	216.22	216.515	от
words@sel1984m	@sel1984m	216.515	216.81	моего
words@sel1984m	@sel1984m	216.81	217.105	дома
words@sel1984m	@sel1984m	217.105	217.4	и
words@sel1984m	@sel1984m	217.4	217.695	я
words@sel1984m	@sel1984m	217.695	217.99	родителей
words@sel1984m	@sel1984m	217.99	218.285	видел
words@sel1984m	@sel1984m	218.285	218.58	иногда
words@sel1984m	@sel1984m	218.58	218.875	раз
words@sel1984m	@sel1984m	218.875	219.17	в
words@sel1984m	@sel1984m	219.17	219.465	год
words@sel1984m	@sel1984m	219.835	220.023	то
words@sel1984m	@sel1984m	220.023	220.211	есть
words@sel1984m	@sel1984m	220.211	220.399	по
words@sel1984m	@sel1984m	220.399	220.587	сути
words@sel1984m	@sel1984m	220.587	220.775	в
words@sel1984m	@sel1984m	220.775	220.963	двенадцать
words@sel1984m	@sel1984m	220.963	221.151	лет
words@sel1984m	@sel1984m	221.151	221.339	у
words@sel1984m	@sel1984m	221.339	221.527	меня
words@sel1984m	@sel1984m	221.527	221.715	началась
words@sel1984m	@sel1984m	221.715	221.903	взрослая
words@sel1984m	@sel1984m	221.903	222.095	жизнь
words@sel1984m	@sel1984m	224.744	225.099	да
words@sel1984m	@sel1984m	229.975	230.358	да
words@sel1984m	@sel1984m	231.612	232.158	тренирую
words@sel1984m	@sel1984m	232.158	232.704	детей
words@sel1984m	@sel1984m	232.704	233.252	чуть-чуть
words@sel1984m	@sel1984m	235.87	236.265	очень
words@sel1984m	@sel1984m	236.265	236.66	сложно
words@sel1984m	@sel1984m	236.66	237.055	во-первых
words@sel1984m	@sel1984m	237.055	237.45	эээ
words@sel1984m	@sel1984m	237.73	238.278	дети
words@sel1984m	@sel1984m	238.278	239.14	были
words@sel1984m	@sel1984m	239.14	239.648	непростые
words@sel1984m	@sel1984m	239.648	239.884	то
words@sel1984m	@sel1984m	239.884	240.148	ес
words@sel1984m	@sel1984m	240.148	240.525	они
words@sel1984m	@sel1984m	240.525	240.902	были
words@sel1984m	@sel1984m	240.902	241.148	из
words@sel1984m	@sel1984m	241.148	241.933	неблагополучных
words@sel1984m	@sel1984m	241.933	243.21	семе
words@sel1984m	@sel1984m	244.845	245.166	а
words@sel1984m	@sel1984m	245.166	245.487	ну
words@sel1984m	@sel1984m	245.487	245.808	во-первых
words@sel1984m	@sel1984m	245.808	246.129	времена
words@sel1984m	@sel1984m	246.129	246.45	конечно
words@sel1984m	@sel1984m	246.45	246.771	поменялись
words@sel1984m	@sel1984m	246.771	247.092	эээ
words@sel1984m	@sel1984m	247.092	247.413	но
words@sel1984m	@sel1984m	247.413	247.734	безусловно
words@sel1984m	@sel1984m	247.734	248.055	причем
words@sel1984m	@sel1984m	248.055	248.376	я
words@sel1984m	@sel1984m	248.376	248.697	никогда
words@sel1984m	@sel1984m	248.697	249.018	не
words@sel1984m	@sel1984m	249.018	249.339	забуду
words@sel1984m	@sel1984m	249.339	249.66	парня
words@sel1984m	@sel1984m	249.66	249.981	которого
words@sel1984m	@sel1984m	249.981	250.302	я
words@sel1984m	@sel1984m	250.302	250.623	тренировал
words@sel1984m	@sel1984m	250.623	250.944	ему
words@sel1984m	@sel1984m	250.944	251.265	было
words@sel1984m	@sel1984m	251.265	251.586	десять
words@sel1984m	@sel1984m	251.586	251.907	лет
words@sel1984m	@sel1984m	251.907	252.228	у
words@sel1984m	@sel1984m	252.228	252.549	него
words@sel1984m	@sel1984m	252.549	252.87	папа
words@sel1984m	@sel1984m	252.87	253.191	сидел
words@sel1984m	@sel1984m	253.191	253.512	в
words@sel1984m	@sel1984m	253.512	253.833	тюрьме
words@sel1984m	@sel1984m	253.833	254.154	уже
words@sel1984m	@sel1984m	254.154	254.475	на
words@sel1984m	@sel1984m	254.475	254.796	тот
words@sel1984m	@sel1984m	254.796	255.117	момент
words@sel1984m	@sel1984m	255.117	255.445	мама
words@sel1984m	@sel1984m	255.903	256.229	ну
words@sel1984m	@sel1984m	256.229	256.555	что-то
words@sel1984m	@sel1984m	256.555	256.881	мама
words@sel1984m	@sel1984m	256.881	256.942	н
words@sel1984m	@sel1984m	256.942	257.29	короче
words@sel1984m	@sel1984m	257.29	257.638	с
words@sel1984m	@sel1984m	257.638	257.986	мамой
words@sel1984m	@sel1984m	257.986	258.334	тоже
words@sel1984m	@sel1984m	258.334	258.682	какие-то
words@sel1984m	@sel1984m	258.682	259.03	были
words@sel1984m	@sel1984m	259.03	259.378	серьезные
words@sel1984m	@sel1984m	259.378	259.726	проблемы
words@sel1984m	@sel1984m	259.726	260.074	его
words@sel1984m	@sel1984m	260.074	260.422	бабушка
words@sel1984m	@sel1984m	260.422	260.77	водила
words@sel1984m	@sel1984m	260.77	261.123	на
words@sel1984m	@sel1984m	261.474	262.174	тренировки
words@sel1984m	@sel1984m	262.494	262.83	он
words@sel1984m	@sel1984m	262.83	263.166	на
words@sel1984m	@sel1984m	263.166	263.502	турнирах
words@sel1984m	@sel1984m	263.502	263.838	просто
words@sel1984m	@sel1984m	263.838	264.174	выделялся
words@sel1984m	@sel1984m	264.174	264.51	вот
words@sel1984m	@sel1984m	264.51	264.846	это
words@sel1984m	@sel1984m	264.846	265.182	надо
words@sel1984m	@sel1984m	265.182	265.518	видеть
words@sel1984m	@sel1984m	265.518	265.854	ну
words@sel1984m	@sel1984m	265.854	266.19	наверное
words@sel1984m	@sel1984m	266.19	266.526	футбольный
words@sel1984m	@sel1984m	266.526	266.862	человек
words@sel1984m	@sel1984m	266.862	267.198	меня
words@sel1984m	@sel1984m	267.198	267.534	поймет
words@sel1984m	@sel1984m	267.534	267.87	когда
words@sel1984m	@sel1984m	267.87	268.206	ребенок
words@sel1984m	@sel1984m	268.206	268.542	среди
words@sel1984m	@sel1984m	268.542	268.878	сверстников
words@sel1984m	@sel1984m	268.878	269.214	ну
words@sel1984m	@sel1984m	269.214	269.55	просто
words@sel1984m	@sel1984m	269.55	269.894	Месси
words@sel1984m	@sel1984m	270.769	271.809	естественно
words@sel1984m	@sel1984m	271.995	272.312	прошло
words@sel1984m	@sel1984m	272.312	272.629	там
words@sel1984m	@sel1984m	272.629	272.946	пару
words@sel1984m	@sel1984m	272.946	273.263	лет
words@sel1984m	@sel1984m	273.263	273.58	я
words@sel1984m	@sel1984m	273.58	273.897	приезжаю
words@sel1984m	@sel1984m	273.897	274.214	а
words@sel1984m	@sel1984m	274.214	274.531	где
words@sel1984m	@sel1984m	274.531	274.848	парень
words@sel1984m	@sel1984m	274.848	275.165	ну
words@sel1984m	@sel1984m	275.165	275.482	парень
words@sel1984m	@sel1984m	275.482	275.799	просто
words@sel1984m	@sel1984m	275.799	276.116	там
words@sel1984m	@sel1984m	276.116	276.433	его
words@sel1984m	@sel1984m	276.433	276.75	нигде
words@sel1984m	@sel1984m	276.75	277.067	он
words@sel1984m	@sel1984m	277.067	277.384	перестал
words@sel1984m	@sel1984m	277.384	277.701	ходить
words@sel1984m	@sel1984m	277.701	278.018	там
words@sel1984m	@sel1984m	278.018	278.335	что-то
words@sel1984m	@sel1984m	278.335	278.652	бабушка
words@sel1984m	@sel1984m	278.652	278.969	перестала
words@sel1984m	@sel1984m	278.969	279.286	водить
words@sel1984m	@sel1984m	279.286	279.603	и
words@sel1984m	@sel1984m	279.603	279.92	в
words@sel1984m	@sel1984m	279.92	280.237	такие
words@sel1984m	@sel1984m	280.237	280.554	моменты
words@sel1984m	@sel1984m	280.554	280.871	я
words@sel1984m	@sel1984m	280.871	281.188	понимаю
words@sel1984m	@sel1984m	281.188	281.505	как
words@sel1984m	@sel1984m	281.505	281.822	жаль
words@sel1984m	@sel1984m	281.822	282.155	что
words@sel1984m	@sel1984m	282.476	282.774	м
words@sel1984m	@sel1984m	282.774	283.072	эээ
words@sel1984m	@sel1984m	283.072	283.37	многие
words@sel1984m	@sel1984m	283.37	283.668	футбольные
words@sel1984m	@sel1984m	283.668	283.966	руководители
words@sel1984m	@sel1984m	283.966	284.264	не
words@sel1984m	@sel1984m	284.264	284.562	задумываются
words@sel1984m	@sel1984m	284.562	284.86	о
words@sel1984m	@sel1984m	284.86	285.158	том
words@sel1984m	@sel1984m	285.158	285.456	что
words@sel1984m	@sel1984m	285.456	285.754	там
words@sel1984m	@sel1984m	285.754	286.052	где-то
words@sel1984m	@sel1984m	286.052	286.35	на
words@sel1984m	@sel1984m	286.35	286.648	Урале
words@sel1984m	@sel1984m	286.648	286.956	там
words@sel1984m	@sel1984m	287.086	287.426	в
words@sel1984m	@sel1984m	287.426	287.766	Сибири
words@sel1984m	@sel1984m	287.766	288.106	много
words@sel1984m	@sel1984m	288.106	288.446	талантливых
words@sel1984m	@sel1984m	288.446	288.786	ребят
words@sel1984m	@sel1984m	288.786	289.126	просто
words@sel1984m	@sel1984m	289.126	289.466	им
words@sel1984m	@sel1984m	289.466	289.806	нужно
words@sel1984m	@sel1984m	290.525	290.863	правильно
words@sel1984m	@sel1984m	290.863	291.201	выстроить
words@sel1984m	@sel1984m	291.201	291.539	систему
words@sel1984m	@sel1984m	291.539	291.877	чтобы
words@sel1984m	@sel1984m	291.877	292.215	были
words@sel1984m	@sel1984m	292.215	292.553	хоть
words@sel1984m	@sel1984m	292.553	292.891	какие-то
words@sel1984m	@sel1984m	292.891	293.229	профессиональные
words@sel1984m	@sel1984m	293.229	293.567	команды
words@sel1984m	@sel1984m	293.567	293.905	чтоб
words@sel1984m	@sel1984m	293.905	294.243	был
words@sel1984m	@sel1984m	294.243	294.581	какой-то
words@sel1984m	@sel1984m	294.581	294.919	лифт
words@sel1984m	@sel1984m	294.919	295.257	потому
words@sel1984m	@sel1984m	295.257	295.605	что
words@sel1984m	@sel1984m	296.103	296.513	для
words@sel1984m	@sel1984m	296.513	296.923	таких
words@sel1984m	@sel1984m	296.923	297.333	парней
words@sel1984m	@sel1984m	297.333	297.743	из
words@sel1984m	@sel1984m	297.743	298.153	неблагополучных
words@sel1984m	@sel1984m	298.153	298.563	семей
words@sel1984m	@sel1984m	298.563	298.973	социальный
words@sel1984m	@sel1984m	298.973	299.383	лифт
words@sel1984m	@sel1984m	299.383	299.793	футбольный
words@sel1984m	@sel1984m	299.793	300.203	именно
words@sel1984m	@sel1984m	300.203	300.613	он
words@sel1984m	@sel1984m	300.613	301.023	работает
words@sel1984m	@sel1984m	301.572	301.925	также
words@sel1984m	@sel1984m	301.925	302.278	я
words@sel1984m	@sel1984m	302.278	302.632	вылез
words@sel1984m	@sel1984m	302.737	302.974	я
words@sel1984m	@sel1984m	302.974	303.211	из
words@sel1984m	@sel1984m	303.211	303.448	обычной
words@sel1984m	@sel1984m	303.448	303.685	семьи
words@sel1984m	@sel1984m	303.685	303.922	но
words@sel1984m	@sel1984m	303.922	304.159	я
words@sel1984m	@sel1984m	304.159	304.397	смог
words@sel1984m	@sel1984m	304.752	305.061	пройдя
words@sel1984m	@sel1984m	305.061	305.37	там
words@sel1984m	@sel1984m	305.37	305.679	много
words@sel1984m	@sel1984m	305.679	305.988	ступеней
words@sel1984m	@sel1984m	305.988	306.297	я
words@sel1984m	@sel1984m	306.297	306.606	смог
words@sel1984m	@sel1984m	306.606	306.915	вырваться
words@sel1984m	@sel1984m	306.915	307.224	наверх
words@sel1984m	@sel1984m	307.224	307.533	з
words@sel1984m	@sel1984m	307.533	307.842	зарабатывать
words@sel1984m	@sel1984m	307.842	308.151	нормальные
words@sel1984m	@sel1984m	308.151	308.46	деньги
words@sel1984m	@sel1984m	308.46	308.769	и
words@sel1984m	@sel1984m	308.769	309.078	моя
words@sel1984m	@sel1984m	309.078	309.387	мама
words@sel1984m	@sel1984m	309.387	309.696	пенсионерка
words@sel1984m	@sel1984m	309.696	310.005	постоянно
words@sel1984m	@sel1984m	310.005	310.314	мне
words@sel1984m	@sel1984m	310.314	310.623	говорит
words@sel1984m	@sel1984m	310.623	310.932	Женя
words@sel1984m	@sel1984m	310.932	311.241	если
words@sel1984m	@sel1984m	311.241	311.55	бы
words@sel1984m	@sel1984m	311.55	311.859	не
words@sel1984m	@sel1984m	311.859	312.172	ты
words@sel1984m	@sel1984m	312.594	312.818	то
words@sel1984m	@sel1984m	312.818	313.042	мы
words@sel1984m	@sel1984m	313.042	313.266	наверное
words@sel1984m	@sel1984m	313.266	313.49	бы
words@sel1984m	@sel1984m	313.49	313.714	даже
words@sel1984m	@sel1984m	313.714	313.938	не
words@sel1984m	@sel1984m	313.938	314.162	выходили
words@sel1984m	@sel1984m	314.162	314.386	из
words@sel1984m	@sel1984m	314.386	314.61	дома
words@sel1984m	@sel1984m	314.61	314.834	потому
words@sel1984m	@sel1984m	314.834	315.058	что
words@sel1984m	@sel1984m	315.058	315.282	на
words@sel1984m	@sel1984m	315.282	315.506	все
words@sel1984m	@sel1984m	315.506	315.73	нужны
words@sel1984m	@sel1984m	315.73	315.954	деньги
words@sel1984m	@sel1984m	315.954	316.178	на
words@sel1984m	@sel1984m	316.178	316.402	лекарства
words@sel1984m	@sel1984m	316.402	316.626	на
words@sel1984m	@sel1984m	316.626	316.85	еду
words@sel1984m	@sel1984m	316.85	317.074	на
words@sel1984m	@sel1984m	317.074	317.298	все
words@sel1984m	@sel1984m	317.298	317.522	на
words@sel1984m	@sel1984m	317.522	317.746	все
words@sel1984m	@sel1984m	317.746	317.97	на
words@sel1984m	@sel1984m	317.97	318.214	все
words@sel1984m	@sel1984m	318.494	318.767	и
words@sel1984m	@sel1984m	318.767	319.04	вот
words@sel1984m	@sel1984m	319.04	319.314	футбол
words@sel1984m	@sel1984m	319.694	319.98	почему
words@sel1984m	@sel1984m	319.98	320.266	я
words@sel1984m	@sel1984m	320.266	320.552	это
words@sel1984m	@sel1984m	320.552	320.838	люблю
words@sel1984m	@sel1984m	320.838	321.124	показывать
words@sel1984m	@sel1984m	321.124	321.414	и
words@sel1984m	@sel1984m	321.644	321.969	эээ
words@sel1984m	@sel1984m	321.969	322.294	откуда
words@sel1984m	@sel1984m	322.294	322.619	ребята
words@sel1984m	@sel1984m	322.619	322.944	обычно
words@sel1984m	@sel1984m	322.944	323.269	вырастают
words@sel1984m	@sel1984m	323.269	323.594	да
words@sel1984m	@sel1984m	323.594	323.919	до
words@sel1984m	@sel1984m	323.919	324.244	больших
words@sel1984m	@sel1984m	324.244	324.569	команд
words@sel1984m	@sel1984m	324.569	324.894	футбол
words@sel1984m	@sel1984m	324.894	325.219	это
words@sel1984m	@sel1984m	325.219	325.544	действительно
words@sel1984m	@sel1984m	325.544	325.869	работающий
words@sel1984m	@sel1984m	325.869	326.194	социальный
words@sel1984m	@sel1984m	326.194	326.524	лифт
words@pav1960m	@pav1960m	0.229	0.553	давай
words@pav1960m	@pav1960m	0.553	0.743	еще
words@pav1960m	@pav1960m	0.743	0.851	о
words@pav1960m	@pav1960m	0.851	0.966	тебе
words@pav1960m	@pav1960m	0.966	1.173	поговорим
words@pav1960m	@pav1960m	1.173	1.388	ты
words@pav1960m	@pav1960m	1.388	1.644	рос
words@pav1960m	@pav1960m	1.644	1.76	в
words@pav1960m	@pav1960m	1.76	2.0	девяностые
words@pav1960m	@pav1960m	2.0	2.107	в
words@pav1960m	@pav1960m	2.107	2.462	Тобольске
words@pav1960m	@pav1960m	2.462	2.595	в
words@pav1960m	@pav1960m	2.595	2.975	простой
words@pav1960m	@pav1960m	2.975	4.057	рабочей
words@pav1960m	@pav1960m	4.057	4.661	рабочей
words@pav1960m	@pav1960m	4.661	5.842	семье
words@pav1960m	@pav1960m	5.842	6.305	жесткие
words@pav1960m	@pav1960m	6.305	6.983	были
words@pav1960m	@pav1960m	7.442	7.89	жесткий
words@pav1960m	@pav1960m	7.89	8.338	был
words@pav1960m	@pav1960m	8.338	8.786	опыт
words@pav1960m	@pav1960m	9.274	9.738	роста
words@pav1960m	@pav1960m	9.738	9.892	в
words@pav1960m	@pav1960m	9.892	10.666	Тобольске
words@pav1960m	@pav1960m	13.098	13.223	по
words@pav1960m	@pav1960m	13.223	13.622	возможности
words@pav1960m	@pav1960m	55.203	55.523	ты
words@pav1960m	@pav1960m	55.523	55.843	рассказывал
words@pav1960m	@pav1960m	55.843	56.163	да
words@pav1960m	@pav1960m	56.163	56.483	что
words@pav1960m	@pav1960m	56.483	57.446	ты
words@pav1960m	@pav1960m	57.446	57.72	видел
words@pav1960m	@pav1960m	57.72	57.994	когда
words@pav1960m	@pav1960m	57.994	58.268	люди
words@pav1960m	@pav1960m	58.268	58.542	достают
words@pav1960m	@pav1960m	58.542	58.816	героиновый
words@pav1960m	@pav1960m	58.816	59.09	чек
words@pav1960m	@pav1960m	59.09	59.364	растворяют
words@pav1960m	@pav1960m	59.364	59.638	в
words@pav1960m	@pav1960m	59.638	59.912	ложке
words@pav1960m	@pav1960m	59.912	60.186	и
words@pav1960m	@pav1960m	60.186	60.46	начинают
words@pav1960m	@pav1960m	60.46	60.734	при
words@pav1960m	@pav1960m	60.734	61.008	тебе
words@pav1960m	@pav1960m	61.008	61.285	колоться
words@pav1960m	@pav1960m	115.937	116.225	как
words@pav1960m	@pav1960m	116.225	116.513	ты
words@pav1960m	@pav1960m	116.513	116.801	оказался
words@pav1960m	@pav1960m	116.801	117.089	в
words@pav1960m	@pav1960m	117.089	117.377	футбольном
words@pav1960m	@pav1960m	117.377	117.665	э
words@pav1960m	@pav1960m	117.665	117.953	интернате
words@pav1960m	@pav1960m	117.953	118.241	в
words@pav1960m	@pav1960m	118.241	118.53	Волгограде
words@pav1960m	@pav1960m	125.533	125.965	благодаря
words@pav1960m	@pav1960m	125.965	126.398	чему
words@pav1960m	@pav1960m	129.851	129.994	то
words@pav1960m	@pav1960m	129.994	130.137	есть
words@pav1960m	@pav1960m	130.137	130.28	ты
words@pav1960m	@pav1960m	130.28	130.423	играл
words@pav1960m	@pav1960m	130.423	130.569	уже
words@pav1960m	@pav1960m	156.073	156.384	в
words@pav1960m	@pav1960m	156.384	156.695	интернате
words@pav1960m	@pav1960m	156.695	157.006	ты
words@pav1960m	@pav1960m	157.006	157.317	рассказывал
words@pav1960m	@pav1960m	157.317	157.628	что
words@pav1960m	@pav1960m	157.628	157.939	не
words@pav1960m	@pav1960m	157.939	158.25	было
words@pav1960m	@pav1960m	158.25	158.561	э
words@pav1960m	@pav1960m	158.561	158.875	розеток
words@pav1960m	@pav1960m	159.432	159.685	и
words@pav1960m	@pav1960m	159.685	159.938	вы
words@pav1960m	@pav1960m	159.938	160.191	закрывали
words@pav1960m	@pav1960m	160.191	160.444	чем-то
words@pav1960m	@pav1960m	160.444	160.697	окна
words@pav1960m	@pav1960m	160.697	160.95	которых
words@pav1960m	@pav1960m	160.95	161.203	как
words@pav1960m	@pav1960m	161.203	161.456	я
words@pav1960m	@pav1960m	161.456	161.709	понял
words@pav1960m	@pav1960m	161.709	161.962	тоже
words@pav1960m	@pav1960m	161.962	162.215	не
words@pav1960m	@pav1960m	162.215	162.469	было
words@pav1960m	@pav1960m	170.081	170.374	а
words@pav1960m	@pav1960m	170.374	170.667	специально
words@pav1960m	@pav1960m	170.667	170.96	не
words@pav1960m	@pav1960m	170.96	171.254	было
words@pav1960m	@pav1960m	222.784	222.942	в
words@pav1960m	@pav1960m	222.942	223.347	восемнадцать
words@pav1960m	@pav1960m	223.347	223.562	лет
words@pav1960m	@pav1960m	223.562	223.917	ты
words@pav1960m	@pav1960m	223.917	224.33	получаешь
words@pav1960m	@pav1960m	224.33	224.719	травму
words@pav1960m	@pav1960m	224.719	225.278	иии
words@pav1960m	@pav1960m	225.343	225.676	у
words@pav1960m	@pav1960m	225.676	226.009	э
words@pav1960m	@pav1960m	226.009	226.343	это
words@pav1960m	@pav1960m	227.137	227.496	новый
words@pav1960m	@pav1960m	227.496	227.855	челлендж
words@pav1960m	@pav1960m	227.855	228.214	ты
words@pav1960m	@pav1960m	228.214	228.573	попадаешь
words@pav1960m	@pav1960m	228.573	228.932	обратно
words@pav1960m	@pav1960m	228.932	229.291	в
words@pav1960m	@pav1960m	229.291	229.655	Тобольск
words@pav1960m	@pav1960m	230.03	230.347	ничего
words@pav1960m	@pav1960m	230.347	230.664	не
words@pav1960m	@pav1960m	230.664	230.981	делаешь
words@pav1960m	@pav1960m	233.591	233.772	ты
words@pav1960m	@pav1960m	233.772	233.953	говорил
words@pav1960m	@pav1960m	233.953	234.134	что
words@pav1960m	@pav1960m	234.134	234.315	это
words@pav1960m	@pav1960m	234.315	234.496	не
words@pav1960m	@pav1960m	234.496	234.677	твое
words@pav1960m	@pav1960m	234.677	234.863	совсем
words@pav1960m	@pav1960m	240.629	240.958	такие
words@pav1960m	@pav1960m	240.958	241.287	же
words@pav1960m	@pav1960m	241.287	241.616	как
words@pav1960m	@pav1960m	241.616	241.945	такие
words@pav1960m	@pav1960m	241.945	242.274	же
words@pav1960m	@pav1960m	242.274	242.603	как
words@pav1960m	@pav1960m	242.603	242.932	эээ
words@pav1960m	@pav1960m	242.932	243.261	в
words@pav1960m	@pav1960m	243.261	243.59	твоем
words@pav1960m	@pav1960m	243.59	243.92	детстве
words@pav1960m	@pav1960m	244.993	245.702	твое
words@pav1960m	@pav1960m	245.702	246.063	твоя
words@pav1960m	@pav1960m	246.063	246.425	тусовка
gesture@pav1960m	@pav1960m	53.544	54.317	Тыкает в экран телефона
gesture@pav1960m	@pav1960m	125.813	128.415	чешет голову
gesture@pav1960m	@pav1960m	130.102	130.611	правой рукой "рисует" круг 
gesture@pav1960m	@pav1960m	173.616	175.102	располагает корпус ближе к собеседнику
gesture@pav1960m	@pav1960m	226.563	227.049	Поднимает правую руку
gesture@sel1984m	@sel1984m	3.152	3.305	трясет кулаками
gesture@sel1984m	@sel1984m	7.882	8.437	поправляет усы
gesture@sel1984m	@sel1984m	37.133	37.758	Двигает рукой справа налево
gesture@sel1984m	@sel1984m	39.351	40.004	Перемещает обе руки, почти их соединяет
gesture@sel1984m	@sel1984m	40.008	40.642	кладет обе руки на колени
gesture@sel1984m	@sel1984m	41.364	43.115	Проводит руками по коленям
gesture@sel1984m	@sel1984m	47.05	47.735	пожимает плечами
gesture@sel1984m	@sel1984m	61.757	62.956	Чешет веко
gesture@sel1984m	@sel1984m	71.278	72.579	Обе руки перемещает влево
gesture@sel1984m	@sel1984m	73.178	73.687	Приподнимает обе руки и сразу опускает
gesture@sel1984m	@sel1984m	74.524	74.903	Пожимает плечами
gesture@sel1984m	@sel1984m	75.992	78.696	Крутит обеими запястьями перед собой
gesture@sel1984m	@sel1984m	78.966	79.42	Проводит руками по коленкам
gesture@sel1984m	@sel1984m	85.757	86.711	Взмахивает левой рукой в сторону интервьюера
gesture@sel1984m	@sel1984m	87.269	88.033	Взмахивает левой рукой
gesture@sel1984m	@sel1984m	88.083	88.74	Пожимает плечами
gesture@sel1984m	@sel1984m	88.938	89.767	Взмахивает обеими руками, чуть приподнимая их над коленями
gesture@sel1984m	@sel1984m	90.359	91.525	Взмахивает обеими руками над коленками
gesture@sel1984m	@sel1984m	91.756	92.446	отклоняет голову назад
gesture@sel1984m	@sel1984m	92.795	93.068	откидывает голову вперед
gesture@sel1984m	@sel1984m	96.661	97.334	поднимает обе руки
gesture@sel1984m	@sel1984m	97.334	98.204	сжимает руки в кулак и опускает на коленки
gesture@sel1984m	@sel1984m	104.719	106.347	пожимает плечами
gesture@sel1984m	@sel1984m	107.578	108.629	Поднимает обе руки и кладет их на колени
gesture@sel1984m	@sel1984m	108.812	109.951	Поднимает обе руки и кладет их на колени
gesture@sel1984m	@sel1984m	110.33	111.219	пожимает плечами
gesture@sel1984m	@sel1984m	111.274	112.015	скрещивает руки и кладет их на колени
gesture@sel1984m	@sel1984m	112.184	113.055	скрещивает руки и кладет их на колени
gesture@sel1984m	@sel1984m	113.544	114.044	полностью кладет руку на колени
gesture@sel1984m	@sel1984m	115.209	115.913	разводит руками
gesture@sel1984m	@sel1984m	122.227	122.481	пожимает плечами
gesture@sel1984m	@sel1984m	127.072	128.285	приподнимает руки и проводит их по коленкам
gesture@sel1984m	@sel1984m	132.745	133.222	разводит руками и опускает их на колени
gesture@sel1984m	@sel1984m	133.852	134.398	взмахивает руками и опускает их на колени
gesture@sel1984m	@sel1984m	134.692	135.507	взмахивает руками и опускает их на колени
gesture@sel1984m	@sel1984m	135.993	138.048	взмахивает руками, проводит ими вправо, влево, опускает на колени 
gesture@sel1984m	@sel1984m	138.233	139.826	поднимает руки, показывает ими вправо, влево,опускает на колени  
gesture@sel1984m	@sel1984m	140.117	141.052	показывает руками влево
gesture@sel1984m	@sel1984m	142.165	142.961	поднимает и опускает руки
gesture@sel1984m	@sel1984m	143.143	143.809	показывает руками вправо, опускает на колени
gesture@sel1984m	@sel1984m	144.289	145.363	сводит руки, "рисует" ими круг и опускает на колени
gesture@sel1984m	@sel1984m	151.783	153.047	разводит руками
gesture@sel1984m	@sel1984m	153.328	155.152	разводит руками и проводит ими по коленкам
gesture@sel1984m	@sel1984m	164.922	165.904	правой рукой проводит в воздухе, опускает на коленку
gesture@sel1984m	@sel1984m	167.696	168.294	приподнимает пальцы
gesture@sel1984m	@sel1984m	168.309	168.828	пожимает плечами
gesture@sel1984m	@sel1984m	169.126	169.339	сжимает руку в кулак
gesture@sel1984m	@sel1984m	169.361	169.944	правой рукой отводит вправо, кладет на коленку
gesture@sel1984m	@sel1984m	181.44	183.074	Разводит руками, опускает их на коленки
gesture@sel1984m	@sel1984m	183.094	183.335	Пожимает плечами
gesture@sel1984m	@sel1984m	186.528	188.098	Поднимает руку, подносит к носу
gesture@sel1984m	@sel1984m	188.122	188.696	Прислоняет две руки друг к другу
gesture@sel1984m	@sel1984m	188.711	189.536	разводит руки
gesture@sel1984m	@sel1984m	189.546	190.106	поворачивает руки
gesture@sel1984m	@sel1984m	196.441	197.117	пожимает плечами
gesture@sel1984m	@sel1984m	199.44	200.875	поднимает левую руку ладонью к интервьюеру
gesture@sel1984m	@sel1984m	200.902	201.513	разводит руками
gesture@sel1984m	@sel1984m	201.537	201.856	поднимает руки
gesture@sel1984m	@sel1984m	201.869	202.415	скрещивает руки
gesture@sel1984m	@sel1984m	202.439	203.268	разводит руки, "рисуя" прямоугольник
gesture@sel1984m	@sel1984m	203.294	203.896	разводит руки
gesture@sel1984m	@sel1984m	203.934	204.379	поднимает руки
gesture@sel1984m	@sel1984m	205.238	208.925	поднимает пальцы,поворачиает запястья
gesture@sel1984m	@sel1984m	210.578	211.699	крутит кистями
gesture@sel1984m	@sel1984m	212.909	213.335	чуть приподнимает руки и кладет их на колени
gesture@sel1984m	@sel1984m	213.687	214.219	приподнимает руки и кладет их на колени
gesture@sel1984m	@sel1984m	239.963	242.537	проводит руками по коленкам
gesture@sel1984m	@sel1984m	264.757	267.109	поднимает руки,трясет ими в воздухе, опускает их на коленки: одну ладонью к коленке, другую на бок
gesture@sel1984m	@sel1984m	267.138	268.374	поднимает обе руки в воздух 
gesture@sel1984m	@sel1984m	268.525	270.729	поднимает руки и разводит ими в воздухе
gesture@sel1984m	@sel1984m	277.338	279.37	чуть приподнимает обе ладони и пожимает плечами
gesture@sel1984m	@sel1984m	285.139	288.569	Поднимает руки и несколько раз ими взмахивает вправо
gesture@sel1984m	@sel1984m	289.409	291.539	Крутит руками в воздухе
gesture@sel1984m	@sel1984m	291.665	292.943	Поднимает левую руку
gesture@sel1984m	@sel1984m	293.2	295.385	Крутит руками в воздухе, левая рука чуть повыше правой
gesture@sel1984m	@sel1984m	296.377	296.535	Поднимает правую руку
gesture@sel1984m	@sel1984m	299.221	300.24	Поднимает левую руку
gesture@sel1984m	@sel1984m	302.298	304.507	Прижимает обе руки к себе
gesture@sel1984m	@sel1984m	304.554	306.091	Крутит руками в воздухе
gesture@sel1984m	@sel1984m	306.371	308.852	Поднимает левую руку и крутит ею в воздухе
gesture@sel1984m	@sel1984m	308.885	310.019	Поднимает правую руку в сторону интервьюера
gesture@sel1984m	@sel1984m	310.095	311.044	Разводит правую руку
gesture@sel1984m	@sel1984m	311.502	312.446	изменяет положение запястий на коленках
gesture@sel1984m	@sel1984m	312.629	313.5	слегка приподнимает руки и крутит ими
gesture@sel1984m	@sel1984m	314.508	315.573	разводит руками
gesture@sel1984m	@sel1984m	315.739	318.244	производит подсчет с помощью пальцев правой руки
gesture@sel1984m	@sel1984m	318.409	319.427	поднимает обе руки и опускает их на коленку
gesture@sel1984m	@sel1984m	319.762	320.545	поднимает обе руки и опускает их на коленку
gesture@sel1984m	@sel1984m	321.188	323.193	поднимает обе руки и поочередно ими крутит
gesture@sel1984m	@sel1984m	324.423	325.339	поднимает обе руки и опускает их на коленку
gestureMeaning@sel1984m	@sel1984m	3.03	3.364	изобразительный жест
gestureMeaning@sel1984m	@sel1984m	7.619	8.381	Выражение эмоций
gestureMeaning@sel1984m	@sel1984m	37.088	37.897	изобразительный жест
gestureMeaning@sel1984m	@sel1984m	39.349	40.016	изобразительный жест
gestureMeaning@sel1984m	@sel1984m	40.11	40.682	изобразительный жест
gestureMeaning@sel1984m	@sel1984m	41.443	43.063	Выражение эмоций
gestureMeaning@sel1984m	@sel1984m	47.057	47.819	выражение эмоций
gestureMeaning@sel1984m	@sel1984m	61.67	63.146	поддержка коммуникации
gestureMeaning@sel1984m	@sel1984m	71.308	72.689	изобразительный жест
gestureMeaning@sel1984m	@sel1984m	73.188	73.76	изобразительный жест
gestureMeaning@sel1984m	@sel1984m	74.487	75.023	Выражение эмоций
gestureMeaning@sel1984m	@sel1984m	75.941	78.721	изобразительный жест
gestureMeaning@sel1984m	@sel1984m	78.917	79.478	Поддержка комуникации
gestureMeaning@sel1984m	@sel1984m	85.683	86.707	указательный жест
gestureMeaning@sel1984m	@sel1984m	87.278	88.009	указательный жест
gestureMeaning@sel1984m	@sel1984m	88.1	88.758	Выражение эмоций
gestureMeaning@sel1984m	@sel1984m	88.91	89.715	изобразительный жест
gestureMeaning@sel1984m	@sel1984m	90.39	91.488	изобразительный жест
gestureMeaning@sel1984m	@sel1984m	91.744	92.525	Поддержка коммуникации
gestureMeaning@sel1984m	@sel1984m	92.791	93.157	Поддержка коммуникации
gestureMeaning@sel1984m	@sel1984m	96.659	97.269	изобразительный жест
gestureMeaning@sel1984m	@sel1984m	97.379	98.159	изобразительный жест
gestureMeaning@sel1984m	@sel1984m	104.697	106.404	Выражение эмоций
gestureMeaning@sel1984m	@sel1984m	107.578	108.629	Поддержание коммуникации
gestureMeaning@sel1984m	@sel1984m	108.811	109.933	Поддержание коммникации
gestureMeaning@sel1984m	@sel1984m	110.313	111.288	Выражение эмоций
gestureMeaning@sel1984m	@sel1984m	111.327	111.986	Поддержание коммуникации
gestureMeaning@sel1984m	@sel1984m	112.242	113.12	изобразительный жест
gestureMeaning@sel1984m	@sel1984m	113.544	114.044	изобразительный жест
gestureMeaning@sel1984m	@sel1984m	115.209	116.014	Выражение эмоций
gestureMeaning@sel1984m	@sel1984m	122.194	122.572	Выражение эмоций
gestureMeaning@sel1984m	@sel1984m	127.055	128.216	Выражение эмоций
gestureMeaning@sel1984m	@sel1984m	132.745	133.222	Выражение эмоций
gestureMeaning@sel1984m	@sel1984m	133.919	134.467	изобразительный жест
gestureMeaning@sel1984m	@sel1984m	134.608	135.705	изобразительный жест
gestureMeaning@sel1984m	@sel1984m	135.993	138.048	изобразительный жест
gestureMeaning@sel1984m	@sel1984m	138.233	139.826	изобразительный жест
gestureMeaning@sel1984m	@sel1984m	140.117	141.052	изобразительный жест
gestureMeaning@sel1984m	@sel1984m	142.165	142.961	изобразительный жест
gestureMeaning@sel1984m	@sel1984m	143.143	143.809	изобразительный жест
gestureMeaning@sel1984m	@sel1984m	144.289	145.363	изобразительный жест
gestureMeaning@sel1984m	@sel1984m	151.783	153.047	Выражение эмоций
gestureMeaning@sel1984m	@sel1984m	153.328	155.152	Выражение эмоций
gestureMeaning@sel1984m	@sel1984m	164.922	165.904	изобразительный жест
gestureMeaning@sel1984m	@sel1984m	167.696	168.294	изобразительный жест
gestureMeaning@sel1984m	@sel1984m	168.309	168.828	изобразительный жест
gestureMeaning@sel1984m	@sel1984m	169.126	169.339	изобразительный жест
gestureMeaning@sel1984m	@sel1984m	169.361	169.944	изобразительный жест
gestureMeaning@sel1984m	@sel1984m	181.44	183.074	Выражение эмоций
gestureMeaning@sel1984m	@sel1984m	183.094	183.335	Выражение эмоций
gestureMeaning@sel1984m	@sel1984m	186.528	188.098	изобразительный жест
gestureMeaning@sel1984m	@sel1984m	188.122	188.696	изобразительный жест
gestureMeaning@sel1984m	@sel1984m	188.711	189.536	изобразительный жест
gestureMeaning@sel1984m	@sel1984m	189.546	190.106	изобразительный жест
gestureMeaning@sel1984m	@sel1984m	196.441	197.117	Поддержка коммуникации
gestureMeaning@sel1984m	@sel1984m	199.44	200.875	изобразительный жест
gestureMeaning@sel1984m	@sel1984m	200.902	201.513	изобразительный жест
gestureMeaning@sel1984m	@sel1984m	201.537	201.856	изобразительный жест
gestureMeaning@sel1984m	@sel1984m	201.869	202.415	изобразительный жест
gestureMeaning@sel1984m	@sel1984m	202.439	203.268	изобразительный жест
gestureMeaning@sel1984m	@sel1984m	203.294	203.896	изобразительный жест
gestureMeaning@sel1984m	@sel1984m	203.934	204.379	изобразительный жест
gestureMeaning@sel1984m	@sel1984m	205.238	208.925	Поддержка коммуникации
gestureMeaning@sel1984m	@sel1984m	210.578	211.699	изобразительный жест
gestureMeaning@sel1984m	@sel1984m	212.909	213.335	изобразительный жест
gestureMeaning@sel1984m	@sel1984m	213.687	214.219	Поддержка коммуникации
gestureMeaning@sel1984m	@sel1984m	239.963	242.537	Поддержка коммуникации
gestureMeaning@sel1984m	@sel1984m	264.757	267.109	изобразительный жест
gestureMeaning@sel1984m	@sel1984m	267.138	268.374	изобразительный жест
gestureMeaning@sel1984m	@sel1984m	268.525	270.729	Выражение эмоций
gestureMeaning@sel1984m	@sel1984m	277.338	279.37	изобразительный жест
gestureMeaning@sel1984m	@sel1984m	285.139	288.569	изобразительный жест
gestureMeaning@sel1984m	@sel1984m	289.409	291.539	изобразительный жест
gestureMeaning@sel1984m	@sel1984m	291.665	292.943	изобразительный жест
gestureMeaning@sel1984m	@sel1984m	293.2	295.385	изобразительный жест
gestureMeaning@sel1984m	@sel1984m	296.377	296.535	изобразительный жест
gestureMeaning@sel1984m	@sel1984m	299.221	300.24	изобразительный жест
gestureMeaning@sel1984m	@sel1984m	302.298	304.507	Выражение эмоций
gestureMeaning@sel1984m	@sel1984m	304.554	306.091	изобразительный жест
gestureMeaning@sel1984m	@sel1984m	306.371	308.852	изобразительный жест
gestureMeaning@sel1984m	@sel1984m	308.885	310.019	Указательный жест
gestureMeaning@sel1984m	@sel1984m	310.095	311.044	изобразительный жест
gestureMeaning@sel1984m	@sel1984m	311.502	312.446	изобразительный жест
gestureMeaning@sel1984m	@sel1984m	312.629	313.5	изобразительный жест
gestureMeaning@sel1984m	@sel1984m	314.508	315.573	Выражение эмоций
gestureMeaning@sel1984m	@sel1984m	315.739	318.244	Поддержка коммуникации
gestureMeaning@sel1984m	@sel1984m	318.409	319.427	изобразительный жест
gestureMeaning@sel1984m	@sel1984m	319.762	320.545	изобразительный жест
gestureMeaning@sel1984m	@sel1984m	321.188	323.193	изобразительный жест
gestureMeaning@sel1984m	@sel1984m	324.423	325.339	изобразительный жест
gestureMeaning@pav1960m	@pav1960m	53.534	54.391	изобразительный жест
gestureMeaning@pav1960m	@pav1960m	125.787	128.453	поддержка коммуникации
gestureMeaning@pav1960m	@pav1960m	129.968	130.778	изобразительный жест
gestureMeaning@pav1960m	@pav1960m	173.641	175.07	поддержка коммуникации
gestureMeaning@pav1960m	@pav1960m	226.479	227.146	изобразительный жест
